,original_id,sequence_length
0d885c1f78642f0ff70c19706e22dcdb,Q8WZ42,34350
5a1e47e193524567a0886ef6be8b4a2e,G4SLH0,18562
6d52439511fee0aec2394fd55b746265,P19711,3988
f90e5c53fc570d85e49f666ad445dcde,Q03164,3969
a07dd531488fcde260435a9a3ad43ead,Q03132,3567
1edff89dd11abd88053a334446e61ff0,P05769,3434
9bddbf031f3963d579b1f1025cabf5e1,P51587,3418
d51c131326ad8d95932f9fbb21fae6df,Q99IB8,3033
5fee08b99008bd3ad21b01cd193d49a7,Q02388,2944
455261f81887be7a3375cff17f1cf990,Q25733,2924
ceb5d9a673fd373c0077049a4e4c160d,Q69422,2864
751c3a38c377d9a228438cf36427095e,P25054,2843
3804777010fb8e332bdafeb7268cd14b,P46531,2555
7c5f6d18a9ac2bfb7ad791f7f2c52400,P26039,2541
bf42b8b4e84e2b5d2624ad22e1f30f02,A5YV76,2512
35f9070d4986ddf87785511f55cc9467,Q5XXP4,2474
7369e7db94f24edb1c0954d6e97cd9ce,Q92793,2442
ba6d682ab2b9477523054a1976b177dd,P02549,2419
8152a71e90ecc3d6fdbb8c4d2fd22b5f,Q8NG31,2342
3b04a9e9bd02f67db03f47385886478a,P03305,2332
c64731d0c7e9b46d6785ebc300a32010,P12296,2293
fba9a78eea202bc20d5d7d353de70687,Q8WYP5,2266
7e03887f55b66db7411fd3c7ef3caba0,Q00955,2233
4655b332cfefd50c5e861d8ad52a8e66,P27708,2225
233ed2a0b9906c9fb30adccbc633633b,O46385,2194
1f9582ccfa4bcabbfc3574ddce7cab2f,P32639,2163
ee554a4214c58b78e3c079eead9bb7f6,P51123,2129
fd3d4c564445f6d2530de55c37337677,Q6URW6,2000
26b2fb413a6a38e809d5448fe3cfbdec,P08775,1970
c72e8356ee4bcb67586eb3f32833db5c,Q2TAZ0,1938
dd02f2d948f5bece5bd9bf2aee8e1fa7,P29539,1916
d33e62a9047e6dd89883077a900d4c6e,Q9SP32,1909
ee71188a3777ccb1bc326e45778b2877,Q7X2A1,1889
8e62604fc9832048420d1c154ea057a1,Q9H2Y7,1883
267036d26a7baa185fe81479325e2ab7,P07293,1873
e40f752dedf675e2f7c99142ebb2607a,P38398,1863
dd7ac78a772f4aeb33e9dbfbe7fbbb09,P15146,1861
d2c1c57767f1d2793be58d941090e125,P52948,1817
1103a37d2787db9a31a651ae399768b8,O17428,1807
a666654320a7c730140e51c2b6cceb2a,Q13029,1718
50c7a756cece4cd16968f93f71575474,J7QLC0,1706
0fa4e193394360bc83e72974d0df9e13,P84634,1702
2f30789518c0e727071543e87a0b7053,Q9HCJ0,1690
14e5d9dcd5efea5fb00ad9cbb57868f6,P29375,1690
9c6674203870c4eaa5a0121279d0f39e,P52179,1685
089c42cb6629d19361318b5f319aa852,P47054,1683
2a201b7955eb6fbedb8bb7ddcfe5e06a,Q09427,1582
63764524b95d1e98acd8832395c91565,P10071,1580
74f7ace3a25804729276e8a0e47b783f,Q925J9,1575
d5c33f23aac2b5f510443652bcdc193d,Q8TEK3,1537
1c48a008a6791562d92c104890a7a512,Q05471,1514
80b1dc696951ee9044014498f1469320,Q24298,1507
4acbf51e65e2a565d18534262a59fae0,O81283,1503
5d15187985a578d2ccccf85b6623e7e6,Q04656,1500
79890c4bfb30697f52dbe88409cce3e0,P02458,1487
e4f8a767e000df2a8996c8f1902a5d42,Q01097,1482
f29b8c0a9056a0f7680f3290d259b6ac,P13569,1480
2d22df61c8ebfd7202eea4fea3036621,P32521,1480
d67b24fbb0917e52ecb9252bf258240d,P49790,1475
173f33f1d4c3e5545dc5c2e5ed80f0a0,Q9C000,1473
58e84708cdfec2ff87d6c9c1e9e679d3,Q15596,1464
b2756739bfca635e2fbf8f1e6357a4d3,P40477,1460
54091a3260b45ae14bb6ce900bc70a04,P12497,1435
65787a3488aa529ad0bb57c20c84f14a,Q14191,1432
3d26a66eebf57bd782725f5ca46f5260,Q8VHK2,1430
ad91a73495aa83a831375d13f5da6b42,P06786,1428
5eb4d2c5afdda81779613f991eb80843,O95405,1425
c991de27faa0a2b9e393f4ce633a599a,Q5VZK9,1371
8dbafa77ef94052d86515e8d7fe1a6f3,O60885,1362
2b6c54798a6b178e5b71e59a8ac995cd,Q07889,1333
72ea7f4f6c6ab2a7a6ed653a6172d3be,P80457,1332
45e6fe5523f54be733efe03f0b3b0a87,P07248,1323
2ca5d32c52961304d25b3ffd3792ff03,P49687,1317
d9d9824940a012c95b815bc462aa4a35,O86488,1315
104b78e518abdd250a09664617076838,O75533,1304
f0f6ba1363d620fb154353dec2f16f3c,P08392,1298
d9de3c306c64854357eb38aa27dac7bf,Q9C0C7,1298
7541da3181c433e962d0d426366452ec,P10686,1290
12879155b0250c53c0682c6e23715c3b,P38968,1273
a79b487cd5107f825e788239663868e0,Q9HAU5,1272
30f93e6946c0ec1a7d595b99ce57dc18,Q6VMQ6,1270
a07d49512f6d3b2ba36186b9e9d7a69d,P32004,1257
d89a90920775435179a0d5281a800f78,P04626,1255
f3186ccf2c4b855aa9468be99413bc4c,P03315,1253
b6f96e00e431ed3d84b21c194be06e17,Q00496,1251
c8a4ac0ae2f1060ae3db5c189bf65c8e,Q03834,1242
84706f0ee2a4d23ae4050036e62dac5d,P78504,1218
91e8ca2167df2cff37a6133b8e2bfcf7,Q9SLF3,1206
a6034f639b5935de9a24363712b38a9f,Q9NQC3,1192
99cd7712eca5356d68529214751157ec,P55980,1186
e44fb684992b7961d56c5c2cd631bccf,P17120,1184
299d7a1f4cde7a011db061a783d250c1,Q53654,1183
1eb14575c768906b355e256fcd29c11f,Q9Y613,1164
6ea6dc52d21e3511e32427790ae2c60b,Q98148,1162
16c159e5756e46d17040f6ac74a59888,P36161,1157
203386e1877eac3ebfe4760f86c2908e,Q8WUM0,1156
363dce8c4c4a1109f749067d40b3e5aa,Q92540,1137
abd3e4e6a1ceb0fd15a47a070e563302,Q9VMA3,1117
c4b9a4472516cb16df49705836fabec8,Q6CMF0,1113
8924404bb8075b49d450384f5f166932,Q93009,1102
d84611d31bcd977759e236946eebccb0,O14776,1098
e9960383ab467c5531c7f14efbd1b9a3,P32337,1089
34f2a90c941f3284e21e9edbf5a86bcc,O00268,1085
603e7dfdd1ad422fa7a33b126780b6c3,Q8IRG6,1083
2712a798509e1cc6c51ddff2ad47dab4,P20676,1076
8d7cba7f812d57d1e853e391682a5c4d,P49869,1073
092d655d95f0bdd5b6e488533f3f3430,P47047,1073
a8cee9c2716290eeb9ef3a76382cc58f,P21513,1061
109f167f3f7b47e1911de81173a61332,Q00944,1053
fad4f25221136ae6a866cc45ac3e1f1f,O60566,1050
8a4b82b7bdaa838724846463d6dcd90e,Q02413,1049
ae92a8798487c33b5b87911cf908b9d2,P08514,1039
10779a737243cd605f8f8546bc632d1f,A0A0G2JXC5,1038
1e6544f1539195eeda77573e594ae6bf,Q07912,1038
bed032ad8ab3f2a3795376b1bd0cbf03,P35729,1037
c4f89981b776404f1e5c6573b6d9c018,O14974,1030
278dd7c2ef3c4fb9b2b396328828f552,P09983,1023
3ffb5edac9e7e1a551d93579359296b7,P14738,1018
209ced072fdcee819f31a060b2fc71eb,Q9UPR3,1016
1c4777e2cdf0ec3d270fa37e0d15b3f8,Q6GX35,1005
2e6193bbd6ed8045fd254f4b8a1d224f,A7UMX5,996
6e96419636425e3dd6342c7dbff37ec3,Q9Z0U4,991
7d3f507c2ecb4f0bc0be391c0d447a54,P08235,984
066a9ff5215407e654e6a3e9e8e2af0d,O94316,984
7b08d298b666825100f100aab7271f00,P06701,978
f753f2b2d9752a30646c83e8630d1df8,P10721,976
253d984e62b5b95edb213b357b63206d,Q96PU5,975
99252b158abeafc79ecc62609327249b,Q9Y5B0,961
a7bedcc53366bb2f2e4cf968188d5886,P54936,961
58a9478e099d43086915237c3b24f52e,Q02629,959
0ae240be070c1bde807455179909bb25,Q9NK80,956
92364eae8aabc9de759ade2e853eb7f0,P32504,956
a4bd7261a6578bb7ad9869c952b816b1,Q9Y239,953
9e08a65bca1245100d5dbe59c79850ca,P39935,952
1672ed34367fadfe84e51aaf0f2548e9,O95644,943
ecd4fe6bf5c9988837fcac5101559b6f,P06401,933
dd07f145658e8063a5dbfaaa0ca3590b,P06400,928
0e8126a2b4e057dff4e5e448802e64bf,P10275,920
a45361cf70a9407268a865c6692f0c09,Q05140,915
0fc0b14ab719affa50e864ff42e7b0f1,P02730,911
092e28386376d91e7393861588789d74,Q27974,910
46eb9796f111b17aac26ef31e8eba5a2,Q8WXE9,905
e73eb4802c8a7d5a5700ad22f7610f08,P06437,904
f0f12574e32fd636ed4af5500409b9ee,Q92973,898
85edf0251c31793935b1cbc7e1765f51,Q9Z1X4,898
6f6f40f64da2de2fc664919ea765135c,Q62165,893
2983337bb42f220bb5570a2ba6d623a6,O60741,890
6661e42b76599483a127a1fe3c7d0752,P0AFG8,887
c5ea00ee761b0df12b58c0fe495b3f2a,P09803,884
afa37159cbe29f59958880ecf5d4ccb1,P04386,881
75831c50ec80536f1038ad05eecac58e,O76074,875
04cfcc23fe543b512cef2e51224df99b,O55000,872
9fc972d4ba47889dbebfbca7c4b5e3c2,O29867,868
0672a7974be7c387568a628ef45fab8e,O65934,865
700381d156881ba334e0ec3d009cd3a0,P11171,864
2a289ab176172404ffcf205bbf8a3399,O15169,862
2fa95af0f24f46a4393b630463a5e94f,P01130,860
f2bd911377c3ed8b88d8d87913f05479,Q9UKV8,859
296f39735673ce7c45bf7390258b68f2,P04578,856
fe6c516055388ef0d8d7ab8b7dd60c45,O08785,855
dddd81aa639c9c538839c239d48f6417,Q96T21,854
189048b286418e385f990dc0848f319b,A0A0J9X1Q5,853
0140b3ec6cba5734a909c1d734e48ea0,A0A0H2ZP82,853
5968889b169b8b019f9efa6e1365fbed,P52630,851
7195ec2e62f4d21fb13d31fc044a1620,Q9QWH1,850
10affb07c44267e93e6a25683fb79e5e,P34021-2,849
0617f823368b939c701307874f89c983,P10388,848
f2502e832c1e1b1a7122511bb1179fb0,Q9NZ94,848
95d226964d891f978eacdb8d553bf5c3,P42226,847
7411ba3facfaf02f975abadb957ba27a,Q9I1X7,840
a3d82cc097920b3017884a558a391e24,P97303,839
31cafafc7d78dafbd1fe6fe4380a54c4,Q2JIZ5,834
419945a5fe2d2b79fbc456c178a54e00,P10961,833
e5e971b224b737636aebaad5215e9b93,Q99523,831
31a88b132561c25c6e19b27db9edf596,P11938,827
7c8ffc62a8eace231670d794453ae613,Q16665,826
8b729926a8f3841b1758b11ffaa24e8f,P30260,824
cb949fe497df74b8a7eaf7868a5a7000,P14907,823
9a9c1e94c3b0b00b67fc424945c9ab9e,O43313,823
eab586afee2ba87486c9da5e76110fc0,Q9UJX6,822
e17519298267b7bbb97784b8bef2f0db,P22216,821
a77b4323e539c5ca3e1d9c35940ac4d8,Q9BUQ8,820
8911abbcf1a8985a7c9105b82eb1d7aa,O35274,817
bef896743d3ab81b02e2230c0ab38ca2,P19634,815
38ee3efcf71f7f48f80479ec3a897193,P00747,810
f2a9a78457d75c129a40344dd83de989,Q0JRZ9,810
403f4249f3f3b155f76d7152a3f6ef88,Q03518,808
e4b43ef7f2f5a3519c2093a18ee5bb41,Q9UJX5,808
bda78fc7db3e04924b841372f510b485,Q04660,807
5d733f6264797054e7f2daa324e78e95,P22059,807
23f86438c469f253aa6c43e64243668c,Q01853,806
ee024b72d55fafc1a6aa7a72e5dc6348,A0A0H2W778,806
4a59a82d6599ed9bc437a352836ee5c2,Q5JJ98,804
403f01428be0cc0e823ff02dd0b51e78,P40136,800
2715e8d359ab847ee0c72c515c9ef0b9,Q9UBK2,798
8dc11a7a57b4b6b29c689981fbf02e78,P05556,798
afb30d60ca4231849f973fcfc18ff116,P25644,796
8b71f91e0250a24e12f8ab8d23745763,Q96T88,793
b6f5ce6b351355f88e2478cab29e3ffc,Q09161,790
4d870e6b805d5399dfa987366de42cc6,P08047,785
741b7f26ef01e52718f9d1ed9c00fbec,Q02248,781
e6006efd9665a7d55dc6c64efb772775,P12957,771
7dd43312cd29a262acdc0517230bc5ca,P05067,770
7911e311a28c83e4163d69cc48645357,P11387,765
0c37aad283de1f8ddcbeb2cfa6d41c39,Q9H1D0,765
fe81b26a3d8796c10404d6d10915c3f5,P10688,756
d3bfdaae8d9e4c7b1982ba514c7f4a6c,O43312,755
db094b889a37564881c77dc8d2df2a8f,Q9UJX4,755
a8eeb055c7fcf7b50915d09b23d0b181,P14736,754
2a15568b0eb8539ee69c1cff477d468b,P9WI73,750
6b234210507cf6ae2336d0f32b29e201,Q15910,746
e5d474057bb6fd608855d5c4bb2ab70e,G0S4M4,744
1a7938462a561ab30db360aae60cd78e,Q9EPH0,744
4be62394f7d70fda2ff1c4c1eb120344,P14859,743
59ac637aa2471a16f90b658a418d9aef,P14448,741
6a14c309d05457a971af94f6521dec08,O13828,741
0a7b402a71231d48107259cfbf43d160,Q9UER7,740
4d25f3e32aaa733ff397b4dfe2f668a6,P35611,737
50cae8990fe5ee486821d3d932eee126,Q9DBZ9,737
dde1e38c1a68431e90dfa4250c9fe6fb,O00429,736
b042873d6b5cb29dcaf26721af6c5995,Q15418,735
8669ae0016be6b982d1b8588edbbd913,P28698,734
80abc9cd1d17278c7193551bd701a75e,P13010,732
2f14c633e4fa6d22a35a8d91f0d10e0b,P52272,730
78b79720816cb23d837a4c1445c87f66,O60563,726
9d36bbb33cbf005421e19c54a576b7cd,Q9ZPI5,725
376d48098135a46d1a4dfe7e97fa4b24,Q9NQI0,724
5fcafd869a5a794742e5d699000e29f8,P27986,724
c68e563546cfe0dcbb03437f79464bf4,P31016,724
d55a071b5370e5621b29975a6688fd2d,Q05344,723
1461bb5c0af6c1a3aebae69669861fdd,P37330,723
48f15f39227841a06cfcbcc1e97ff620,P42512,720
3c0b23162dcbee9a2c675fc613fd0964,P32499,720
d736ce34b22b780f484d0131329c5dbd,Q51912,719
a3f1202cb96bc571190db5f7149443d3,P39007,718
3eefe10de77c8217af7b067d20f6b2d5,P51023,718
56d31a5fa99d1188f980ab4a5e8dcef8,P20239,713
bec724bf65ce2146bf67c43b1625e8ce,P27321,713
39169059280f72333285438610721dd6,B9KDD4,712
256033c5a5842a7b8ff571bf382e01ee,Q92945,711
49350ec6dd02aabc8eb8cabc10476a4f,P02788,710
cccae9e24cbc04418e3dd8f681afcc58,Q9IK91,709
b2ecadce2b26178d4b837e2ce1c25236,D0PV95,708
c7b3c2a287e093bcc82d8a7315e53e16,P03070,708
8489f8d2dfe8a930da6b347e00fca38d,P00736,705
15dd9da2101e1557829eab399f1fd70f,P27472,705
d2da812806f95e8e72298d0d812e5e68,O15234,703
ee1bb5e8b1621a649ee073ccfb5a8c01,Q07009,700
0297e58178e3f37ecaa080f23a5efc20,Q14978,699
85d6e8001df25870c6107bf00a8e2b30,Q96SD1,692
ca2614c0b1d726171b847dca90b7135a,P13551,691
c8e2019b90dd3f6de70ef4f771ef6c02,P07342,687
7b701327ddf6d34ccb257c9448b37a1e,P0CL52,685
b9824b5a585189d8f331ab6cc8bd976b,Q7LKB1,685
c90fa736edd4197deffa6a788d1f4e7a,Q43125,681
c4f7b303533bfd9cc287b6901def3d7e,Q7TP21,680
0f70f5017d1806b90f972ef55c4a6d5d,P22121,677
e27a2ec900a01ef949b62cf24a8904ad,P59113,677
d44eae525067b9f4204e967bf64fc769,P49848,677
7634dfef65e9f363c7d7636d9779de4a,Q9UQC2,676
9b579208071635ad92491162d508e507,O75807,674
53c3e090b3585e5fb827ae531e568e8c,P20444,672
eb7150b50eb8f886ff7e2f733b1dcf05,P02545,664
d538bcaafd2c39381572efd93acd371d,P0ABI8,663
6ca94e87bf2042ea09bf34f9949a3c7a,Q9UM07,663
9fc4872140ba60d3f16dafe9af55de22,Q24246,663
68a575f1c5297d1eadfddc5787428bf4,Q03281,663
508bd57386267f92a0213ac185549d1b,P20591,662
f6f96c5649102d9d90da4d59cc85e808,P16050,662
68c5d4bccbbd2dc851fd12104d1c381c,Q01844,656
7ce57861a006c6ee68a09b037751bc5b,Q12778,655
c171ab073ae917bb66f36b0ec1ca536e,P08510,655
7e252cfb7be1df82f119501d6e17a2a6,P07363,654
b1c6b1b2ad5af5823a68d7c9d4841f9f,P11021,654
b04f9ef9716481c02b8da21475c3a150,Q96GC6,653
96b4cec247aab80806ffb5450530fb8b,P40357,651
aa11efda7c49202690301e6fcc0f46b5,P49757,651
43c2dbf1998c5fbb84fc1a0b9dd4e57b,P37727,650
d7165c502e31dda3724292907da8b11a,P19880,650
8394132504dec8345df7d5958b9fc1dc,P07140,649
d231d020cb5d921e3a7c5bbe10089245,P04049,648
e743d94c91159706cdbd2f2d54625ce6,P30291,646
693c7762bf152c58e00ff05e19347899,P01042,644
22c4e9b25f9fd4c97cbf58fe2be37b11,Q9UBT2,640
ed0e3364955e38a09d6f02c256737d93,Q9SKI4,640
44798ba803382e8e78b661be2362683e,P31896,639
5b5348a6abd2715f3cd237bbcf137049,Q9UJY5,639
a0ed3d44336b943126cc1e29c2be57d6,P50542,639
f0ad269a2b46d81b3f3dab9e53947136,Q15637,639
9dc4cc9dbd95bacb2eb25d6fa121af60,P10912,638
2dbdf99b2dea2585385e999ca470e72e,P08240,638
b34a234d01dbdc6787e90b100263191b,Q01924,638
dd2023415f9444de876aeda6af37e478,O15350,636
919200cbc3d1f02aaa43b717b6350ada,Q06787,632
691ec784d74239a12df1ffec8a829c88,P20823,631
84ae733c9d52d5d4c2c1cd6edb578e41,P17405,631
a049fad2aa9970a8346e1927a2d58b6b,P38862,630
93a6515cac8caf80624647f77d3a9ba1,Q9H981,624
9c4f51c422e6788859a1b49befb30cfa,Q9UHD9,624
13ba26e0c0255cf521096acf7b1ab0a4,P16471,622
59b67b49698a9c8be2d09be79ae19c3f,O75928,621
1e99fdb69fdd6cb13bda7e5c88a93a8e,Q13042,620
ea33748e2e0739ddef07fcb3b3aa23ba,O43663,620
fa6401582ffc2a55a02455f4f436e3f2,Q9NQB0,619
e3b2d80f9b7f4b32b0d58fa7a52e2d11,P43403,619
e5ee0510d5e5b21769ec2369323734ab,Q9UBU9,619
1b5f7f6af1a0dafa1df252521d5c2d24,Q68DK7,614
64d780cd0f2c6ac9f8180f8c466442ed,A2VD23,613
c878cb934628beb790924ec9673cd034,P12956,609
51a79a53c8a6783503498c9f37a8317b,Q676U5,607
117b97a399e87be2f7924ce56f248f54,Q16236,605
64384450345881b482b0cb08336f85ee,P53350,603
4d15c3b3a33ac67c2137349529ecbb4c,Q9IH62,602
c0bde47902d48c22a8981c6985164ea5,Q72J05,600
fb5aec671520cf6aab02a5a3862c2aeb,P38038,599
38c1afad0b2533c92e34e107b4380138,Q9UJX3,599
66f0fb633cdcd87638e848c56052e849,Q9UJX2,597
b08a72ec79d891a74e52c22d6fa213bc,P03372,595
2d7947edfa1ff89da8be8f470f70d4c3,Q49AN0,593
5679f6cb8e132c59488974ed52400524,P04480,592
c1ee8aacd3e40883570be49b1264d09d,O74774,592
22b838d24d13b1a0768a8c4750a19051,O96013,591
8fcf5bf3ad7d04c107260d1448d19044,Q91V27,590
4c8b7de6d2b939aef10b418fdadf81cf,Q28181-4,590
5ae99d8e469bd4d835dc8cee77184b89,Q8RY59,589
77e4875b89b2478cdf06521b80ee4f11,P34233,588
b58c9ec67d5a021f2cf87f2ef925f029,P15311,586
45c6b2d195aaa3d8c3b728a168945ece,P07476,585
b7e777dfc70eab3be2d6e4eeb5ec99ad,P53632,584
be0e7329de367bb231f318e9e826b3d1,P29353,583
a572bc1ec9a7abbd5ca82ed2e6b53401,P09883,582
ce132a4ade79e56e9867a5c2ce171ff7,Q08605,581
6553a4f4915701481b3d5008d54bc319,P46014,581
8166426a347df465adb7d98c38e84e0a,P0ABS5,581
c69370250f8d0f015876f1fe0f9ec359,P53865,581
27b9f5d252a7c24d6a1272b5048b1ceb,P70604,580
4aa48e260bc060f53a93ebe60cfd8dbf,P04147,577
7814878d8317971014ca898c32a7ce6a,O88339,575
3c13adea75b98b06b86249bacf4c4bde,P16009,575
622cd403183e1bb79beb28f41b208f46,P30429,571
7b157d24bd4d3e4935b98662e14bb647,Q96AY2,570
348d9c60cb7a70b47fdb1961a0addc50,P04859,568
ba05abf472c72920b0d36db229b3d33b,P42568,568
5f3c51957684d959aef27fe1997c2728,P37173,567
32202e82bda53e43865eca6659c54e7a,P13102,566
a63da0c87ec669c64ec2dce6ff079448,Q06696,566
7defb262d330443238048d65d3199629,H0W0T5,565
deebcc62ac0b18e4d145d30851cec7d1,O30916,561
98195694477e4255201af9d4eba41d44,Q5V913,560
cff6d8112b6a70e6ab31cb5f1265a1ff,Q9EPU7,560
3304b21afa342558ea826841290b3342,Q99741,560
fb89c4d02703ca38b04fc8b419378795,Q09882,557
c6a583937bab25bda0397d860057a54a,Q13485,552
cca5e64f84c5721cbcf0492139ac276d,Q04206,551
99ef8ab75c62903b99ef156ed0621cf3,Q4JC68,551
1cb932f23b436616e9adfeebc5face00,P02547,549
c49b97dd09459f4cee115eafc46e673c,P53954,548
3ff609d3804c06c319816da96c676430,Q2GI62,548
0115b4447d6911651804d1303bf5f272,Q9N4U5,547
c002889a1265942f22c0d60945904246,Q9H211,546
4a42683ac1f6666a8a5e6e48f4772ce2,Q8BH64,543
b374e1cbdeb53ad6420566d39e815103,B6KJB6,542
2a28af78fd0823ee2b717c6acf1e9019,Q02821,542
78d0fa01f9cb03464d02ffb8443e8a42,Q14449,540
c061eb023ed0c6253806d75a0e721b49,Q8WUG5,538
b34856872be278010271203e00bee542,P12931,536
883e54e7787f88bdc6ac1080f9f07d45,O54928,536
19baae31fc0daf7e9d53101fc62c3efe,Q9BJX6,535
2e0f4a88dc6f1f042d9dcb2e813c4063,Q9LQT8,533
41b86a6ca22290804b4c384f243074be,Q9IK92,532
6b2cb0a91ddbf8f238e0c29552c50529,Q9H816,532
2384b8303cf754fa1b560afd8a02eeb3,P36894,532
7f09df084cbf0ab041a0c7b8a1487778,P03265,529
deb9b0980360d5e409b7c9fa0aee1aca,Q15517,529
fe15f12a73627e411d081ac2c75a08d2,Q89933,525
5dc016d11c27c427deedccc92f511bfb,Q07097,524
7088e28259d7b274f0abb634f2c4cd1d,Q8AVN9,524
05dd0ca1a3b4abfec2a2ad7a52e87abf,Q16222,522
a0008748eae2588e0694f7f582500d61,Q08209,521
3a27cfa90f2c0b772c97167db350177b,Q8N5Y2,521
ba496d204eb4959fe82b39e0f021e606,Q93P54,521
45a7ff25e41b953aede7ff97f29a1f18,P51449,518
9fe17ae80a6e6899a2c9d519df2ff7ce,Q8R316,516
0d43cd1ad0c570a38cf9f0a8dce8d450,O43474,513
43c462c90ff5dc4f96c7550bde8d7c70,Q8IW19,511
6e0d5fee24ba819f1ead6ef64bc4da1d,Q01101,510
12a65e086cbe6a026fd94566f7120aae,P12081,509
729f704414729afef0082f662e9fba3c,P28583,508
4bef06853109012611b5071b00af87ba,Q96F86,508
f1eaf3f5c5edc0b0e0fdeba3651c2fe4,P03422,507
1c0662b2fba07f5795dbd18f99aabfb0,Q02078,507
2b1b8f9dfc4399f59f801ef91703255f,P0AG16,505
68c3823e954801d5014d82f6acd14907,P37231,505
fbeefcdcb196814836c7b83cdbe735d8,P98177,505
43e5d80b7978294346479b8eadd52f2d,P32566,505
ee00c5e5e15f1ce0df80df8f9edd2e73,P46937,504
bdeb804e3856ed3597653d08864f8b1d,Q9UMS4,504
a1c3e3feb1d337db20a917e8fde4a402,P50097,503
806d3d6623658aa7fa64206db33c30d6,O43516,503
5d9bb1d588b9d77d326c97b05d1aa51d,P42768,502
16e93884be2c76210c6c4fc011da10fe,Q9M4V2,501
c64390fa64351184058a70975ff15c6a,Q99958,501
82f2662be07ff6f804b245c49287ab8f,P0C2E9,500
92888a2e9f1c07cc5769a59d74299f5b,P53041,499
46cf2c6112920cf7407044a98178085f,Q12834,499
02bfb6e7933ff7691596243b73dbe6c9,P04177,498
24bc73ac40f30c750d300624eb856f4b,Q13568,498
233bc2755a82238e8bb6ecca7feb7762,P10121,497
b891d83b915b166417ced65ad105e548,Q00987-11,497
9ae4bfbb652ef1d0644dcfb4e1cddefa,P06179,495
0bc077e6469b6ffa4f275bbec990e95e,P77522,495
1ab228ec404807ff7a3f0c4d7a722716,O60701,494
50ff5c8e696e1310ea19fdc4c894ebc3,Q13188,491
d114f45bcac670c87c54c26f8750f74d,P68336,490
0ec46bce245a2a0fc7c97a601d2a438f,P80428,489
d9564591d7c99190e48da325bd990495,P10104,487
cdd6ce22300a834961d0a3c3119f658e,O88998,485
f6af137e2aff3f5a4f5607d94f9811ca,Q9UMX1,484
467f102e59f92c9e9e152a97c4b79cbb,P07986,484
a3d122c9e482cf0371ea234e0725cbef,P33322,483
9b880f5cd23b53180dba385047c4abde,P36100,482
41144d9d8ca8de2fe9e65c57cd7d61d9,Q13547,482
291d01e45302869bccc586c5d8802475,P9WNR7,480
0cd2434275b3e01a5248f8018a7d09fa,Q9UMR2,479
8a9b1e7e1df8344a48f2953702c6fbd8,O43236,478
7036d902e5e3080617e84155905000d8,P41814,478
220b65ebc9aead472cdb37c7714933cf,Q12406,477
cd22b32ea00575d7ed99e863217ced58,P24255,477
80f3bf7f99cf71ffba3027de669cf07d,Q6NUK1,477
b86704c84c7a59b7c034d60a6b8d330b,Q9C1S9,476
388b7ed457d329d63cf84105126d4989,P53378,473
004cef7b0dae937e6d722817c17ed889,P30307,473
407806204d7fb1083569c7a60384ed61,Q02199,472
7068109ee2617624556da529a8957f44,P39900,470
8e131663c3b40a80d3ca58b0dfa0233a,P49005,469
9c0c00aef6f42840634f17ee6f27e750,P15273,468
097cbe2ff918dc0d66c77fad43e2f284,P49768,467
063d622af96afdec941a191ef14e66a2,Q8MWS6,466
13499a20ce31cb7ceac5a79fa71d23ce,Q9JIH2,466
8227a1542545361bfa486f38db23b74c,Q9JK66,465
53a24d4e7eafb7efba9e737d57c3de3c,C0J347,464
aa5ebc040a73c561149ab7792b896666,P53779,464
ef9d646473e236a2d4c5092846999606,P53136,463
f62a998386a21b9265bbad8b8c9e1acc,P19793,462
c35c384d70cd65559ff13eaaff8737f4,Q8LBP4,462
e948bb702acae41d99bb8cf9b25a3038,Q9HD26,462
1596059f80d5d9b7391c9f03aa912fdc,Q99LM3,459
91ad571225fa48d4b2c4698eadd20e4a,P01730,458
ece138e7d403cd2f1597c723a72f1676,O43464,458
a68bf8fc94c271c0f7564e465ff6871e,Q9Y261,457
a06a46da2a5074e73e15a0d6af4ff4f0,Q06433,457
2f93709b76736e8175c78afbfbd86168,Q13451,457
232c13e5cad19a1e46f59c9ec798cc92,Q8WV28,456
fd8af2102cc86fe0dd83a2e9fc2ac75e,P40161,455
e24cbceef5a5a89ef0b2935f2fb8e375,Q969F2,451
e6f9e852cae64be520c160a687f4dbc3,Q57565,451
3aaba50d9a4036d90b9a90a94fa12df4,Q14457,450
4a3c60b9cd7a2b651bf756dc87162d7e,P05059,449
7e239e0da9f826630c337cc62cbd52bd,P40719,449
3da83cb076cad971e094b213791ea5c8,P05371,447
a27f7c1765b38a4ea4f070c8b64648cb,Q9UKT4,447
2a9ab5e1279f64e4d3838c2e7f6a7082,O15922,447
f270263137f602633db979fb1e200dc1,P50477,445
7aad7cc122990848a535927c16b7efcb,Q9TY14,445
047eb22f6dfe33a4a92617d65a1fa82a,Q67953,445
4305fb1988a41d68599001842b2345ea,P0A6H5,443
522ffd3c3af33d33de51eb621724bed3,P41352,443
a4b81aa3d24e0f0fdbc54106446b17bd,Q07666,443
e87bb334669fa3b066bc2ba4ce41a565,Q13501,440
fc5b2496c9fc9d11ec7387583745ef41,P01106,439
1ebe698c28533771b100dbfaa22551c4,P62495,437
74f8df526bce906c2e3d72bac31357fd,Q01094,437
e9caf02d803dd719a3ca8ff6a401607c,Q02554,436
b579b0ed72e262bfe1da8d27b54daf55,P84092,435
f9f8dac055db1d451917d0192df0dec0,O75469,434
635cab9a78da3453725d20de6c8709ac,P14635,433
df1a9913baca9b8940e5338b8f2a3840,Q68FT9,432
920d0a75588450640b14325983b57c78,P28324,431
b4579a9247886fbf6ad1ae76281d7cd0,Q9Z2F5,430
817343d8eb21c6d9874064d904b3aa5e,P41969,429
87d29ea0e0e4b1c8dfe511386e56f8cf,Q14653,427
3de91af361b22e90692651f6b799874d,P36578,427
4e91f7ecd4f0788fef974a33afda71b5,Q9JPP1,427
b0f0d7c08526ba669da1df28620cfa7c,P08476,426
52b2497e52577fdc30e0061a1944b6f1,Q16576,425
1b98ad52d37db73536e64c48cd186f5e,P50440,423
e441559e62d160d7345fc12d6c40dc15,Q2KIG3,423
a8ab30eb34bcce5ccea87483995db37c,O23764,422
0d58d2fb37c7641d98019a168b13d22b,P07598,421
e93d83c1970d960dfc0bf3c997157eef,P49841,420
22639419ee77923dcac396c96e37a203,P32120,420
a8175c7f6df469ccb8fa6d2386275a4e,Q14722,419
4da7bdbc2f96924f4a0bb1d28c4e1eb6,P32170,419
8580c0c660d37d9762c7359968fdc105,O14733,419
79da7dd0175e2fbba9332d6b6a1367ef,Q9Y6K9,419
571c61e3784b611dacecd25b99c5815d,P43351,418
b74af42ba4acab5016f6783852bc6536,P27797,417
b78f477508a2fb1765530101e9e9e861,P78356,416
b93e888cdf7779a49d63ac24167e84c5,P31324,416
a0214fee822d384ff4c5348e374ebb8b,P52597,415
d21783f4e4f170aa5d52741bc444bf07,Q13148,414
7729b3238384b417c4d5cff9e8f6a4a1,P29274,412
ba2a3a48e9268a4acdbf147e35e0d132,Q9UBB5,411
4efb7b34cf796ede3a0bd0ca9b114e11,Q13569,410
f08ed38165f7a9b4141b6c644c787677,P24864,410
b92ece1f5902dd09483fda18e61a0a62,P05455,408
7cf94cc7d44f4c529ad3a08fb464ef1e,Q39532,408
4ffafdd338e4b5673a9a521b045e7417,Q16186,407
0723af56546695809206bba0cb109bcf,Q9BS26,406
d71aca87c9c759db458a90aeca532e01,P11309,404
ad78061c2a7552212e3bea1315dba15e,P05121,402
404636c0fbca5ce812a33fd81c6c5e60,B2LME8,400
fc0c1c241dbda3c1af9debdec0587be0,Q27934,400
cec4d0a0b73976a17b8ee8a7ec4eab73,P09938,399
99c62879b7718ab7312fa385c4d5f47d,O66493,398
f322b34e1611b2e64cbdb88d61d5f985,P42866,398
965abc33a7f11d9850649cc9b990c332,O66858,398
18f1658de8449492aa71445de2cfca09,P32628,398
1633dd779b1b277902906e04f32a2675,Q88QP8,397
b36b233c78a7d3a32ac5d4fcc48856ac,P28229,396
5fd45370a67e990183da86612ed9db78,P07221,395
fc9e4f30454a5ee59430fb89209f5821,Q06208,395
8ca3a1fc739b3bda4f907fe1407b8196,Q9Y4P1,393
964b3ca2737c8b141979af85f4cc0a78,Q02548,391
d71fdec53480702b3083cce071822edb,P01137,390
fd380fe00b72f8ea55514236833e896a,Q96FI4,390
481aff984f0e802b9a09386677902b84,Q9CXY6,390
82f4176bc0557a07e9622d61c1900c31,P14598,390
145e6a371f77858d4b0e355a9fc9a9bb,P83949,389
8d8ee190c4102fee9734bfaba6bb51dc,Q9VZU1,388
4530487efbcbcc29a48f88bac443f446,P08083,387
0e95af526d4b5de85d8c36e8fedb36cb,Q9UKT5,387
d091494802054d3028f8b2835b105938,P15309,386
d7781510e92a3b8a56ba15630c1818ba,P16458,385
67615f8348291e15688e5f395cc6fd2b,Q29983,383
8a6e244e9fb0a52b47bd44e5d7657e29,P01100,380
46e121c40a6a2ea9b416ba4d0fa5173a,P49354,379
a8510899f639d884d36972daa0006aa4,Q86WV6,379
37f1d33bf96c0b1e6bc8e2bdb8101050,Q22472,378
458babba2397884d6e7f63cba96e6945,Q16543,378
e8c571a646fa824507b79bb581464cbf,P16333,377
ab40d8a6877508e3582d83c9e8d145a4,P55036,377
e2a65a197fb38a1c189138d23a86bc98,P69924,376
e4d45a4ce8ba5b438f720663408e35cd,P03176,376
a0b32ac3a7c7584f487209ec37594891,O75554,376
8baf7ce9f4b8b9ac6882ff80348c772b,P35247,375
039bdcaed4b963708412980cbad8de89,P40316,373
42da49549654b2834d4dd439efa53b7a,Q8WUP2,373
73656ea7e5e42f9b268045ec36a8a149,P23441,372
635b53c9fc307302b28ffb8f156a36b4,P09651,372
2dec54fb2329f1ded5671e4a5c94123e,P50750,372
6384075902f961ba211522381623c581,Q24139,370
56b41f99bfbb17f092a284082bc98236,Q5UPT2,370
2133ec6f1b43608d38da9e2d46b6b605,Q9I332,369
46bf5cd8deec62252b92a76f80afd163,P06132,367
add54d1a33f8caa6615711f2b5d5ba89,O00204,365
fcfbfef91c27281ddabd4cd767978b82,P03120,365
c05029c8966f75ea99f57dacc183a1b5,Q53GG5,364
fd671223efe35cbea342e28c3b31803e,Q9RJY2,364
ef6dcff705257f922859ed2c61483e89,P03087,362
3b508f3d479c945b209cd59d75a96e6c,P54252,361
60f7269ae334d7862adb80c9faee5a3c,O75683,361
24535e9476a297785500c8a788b1c0d4,P35236,360
c67f43b4c271800bf1b86b75fd06aaf7,O95149,360
e4565e4926eaa64bdda5572c25850a3c,Q91006,359
fec303c471974bdfa29b7b32697b39ef,P07674,358
45fbc02ca6ff0993387242d1e2dd1ac8,Q5NJL5,358
e1087b9a76157fa39d24bdf96641b0ca,O14745,358
f4cceca006041b97740c056a1db7a427,P16442,354
4e2bd848cee075a82407b9825a6f9c47,P23202,354
30ba7e3536ffe954ab33a197bdc318c9,Q9H832,354
771b0d0c2f8e2e32d5a104cdeb51f88e,O50835,354
1652d8ac312abe9a36eec5631d96bcc7,P61073,352
f53f4f38a7cb4fc494c21d4c59a35528,Q12972,351
84e5c0d17f16538ccd2e535828d137df,P27001,350
6c329e919ca33ac5899a5d794a634250,P04695,350
6539decedc4a81ed5966f3a574a9bec9,P48439,350
ccbb38665a5cdd919869dffb77dd6ae9,P02699,348
f0dcc2f62d9a918c989cfb7378233491,P22868,348
b17b064ffa2cd4d237090cfb06de36fb,P36152,348
811a7c2a0aa8aa0937bf63d2a8795358,P04383,348
69c46f045c25945e152937c7f4874234,C6KSX0,347
4578d4b6a8eca9132c7604c4200e0ca6,Q9UBE0,346
7e18341e3723c6bf8a71b95dddd6eb59,Q5UPJ7,346
618e294cf1bfa1f6456b65102f7406d6,P04083,346
e8c44746a39f3a0e480bb67698162e3f,P17810,345
c320a2c1f10562df87d406c67482a003,Q9VPU8,345
f4360c19aefb59c2b0f48abddf3a98b5,Q9MAA7,345
2e4fcb3ebf9abbb54d8451eacc74ba6b,P50616,345
8d841e0474b30257f6ea30847a91b30a,P0A903,344
35f73b81a67cd5f041030380a9c08c86,P15337,341
84c03beda26ba2abf030a146526c995f,Q32NN2,341
53efc8587a559d5b56e84ac8511008a3,Q05127,340
1956f470c6c92a31dd3390842147ca94,Q96IZ0,340
802c18f8af7418ee101c349d3b8a5070,Q06609,339
2adeb321a56a9946b74b3f34c3e444a6,O14832,338
1cf5c6a659d3dd0e971ca5933ff92693,P36932,337
8a0091d63fa2886a56d442734d9df577,P0DJ89,337
af2a36ab30bc54843acdb759ea61df71,P11409,336
61d403689d9ff3e96141c66ea5ebef04,Q13426,336
bbe6e9667d1c8e45b327ba9c21b6a7b7,Q92905,334
4e233e404261b850d0efa50b5f31fb95,P52799,333
367e42dc7da613b6bf66313bac94ef1d,O00273,331
070cf76fa2364143b25970c36eca1fd5,Q9ES89,330
7867d2cb0b7aea8706fc9689df90ec83,Q3LS93,329
aa1e16a1eac25ac97a7dc12f089403d3,P14061,328
909981ff266ee1accd4aa9206a0e7129,P77173,328
dfe62346061a816833cd516fb50eaa8c,Q9WUP7-2,328
a1b8807b8b681faac32b9fe2c8de4fe9,P45976,327
d3607c929f061d4fa5644d8604b5b672,P40517,327
8dfb72489cab3956138cd0660d761da1,P46669,326
9babbcf28341eb7c46c522a44d2d7b9c,Q87P35,325
f93b6f05d292103d86c1d011e34b7159,P25916,324
1312c22e8ee34be899dfe41a4fcccb3a,P51946,323
0c36a13a0864a63eada1654ac3fd80d1,P55735,322
09f741cf7383a23695d1767ab47c48e7,P36118,322
6377acf0c94f2e3fccfb248537a1ca53,P06709,321
670ff182e4602682eb9dd5ea2320b1ac,P29131,319
f80817a324d29dba5db20f6603077372,P21815,317
2c48504df3c20315ce424d3a33c7f711,P25963,317
22e1285f9e082584a8a1921ab817f242,P49918,316
c900fe291b16fc25d6baad9844c93958,O33599,316
716e68a97fbca16b35ec7ff2a5d22076,P0AAC0,316
925c1148bd9b451cefa9b48d96afa4ef,P0ABJ1,315
f4f0850cc52ade2d97ce08d064951ee6,P10451,314
29bd1227262429b3c72b158d448c3ccc,P04818,313
d69ce731696e20d6a728becaf84a4379,Q6FI81,312
a3f0627b01345d782f3ae64d91f08f60,P10163,310
8572fbb053f5afc6a647ac32393ef4a3,Q80ZV0,308
73c859596fb195a6a9badc0337660460,Q87WW0,305
7009389e749ec9c1e3511716a693732c,P02686,304
ae7c399f90ee98a4ed485a4d012c9519,P46108,304
1fd1bab2c577b8695b3037e0000f5086,O14214,304
a8f4c1f99e15efc3ce57fc42c6fb47ec,P07214,302
591b2819d716ab8a3cf7c54a1c4d29fa,P40855,299
325f5052e7edecd440db56144b3d5449,P76407,299
3d69ad2ef8b35285ad4a450d15d9f7ef,Q99LJ8,297
24f1642fe782e11e6e7e0f82d3114c5d,P90976,297
d764dfb3304ca06e642f1b19010e6663,Q0GBY3,297
74938048056ae819fae46b0c5e307604,Q6PBE3,296
c8eff115e88a603fb820c30e68c5b3b0,Q02297-10,296
8e08e9af9732f8428bffe798781daf91,P39926,295
0fc93a360e31633af786d3b2827e5437,P24385,295
09112e5056174b30c061ab1d68cec572,P06748,294
4f5699b16c1ac6d303acc4ac616eef11,P13255,293
f1db686d5dc82aab0a5c50850c178836,P9WPI9,291
18085dc49132ac66c5998c97ebbf1595,P32684,290
3db4f353d2966c1e8498e2ebeced9683,P03255,289
f0f7da3cef0b402d7dc39fe49b8d489b,Q6PHW0,289
f2634f6101cf609092f3a61898b6a1e4,Q05917,289
47ab332ece91b9171cb92d2d1c501697,Q03689,289
7190b7ff7168b2cee8c579ab686614dd,P32851,288
351ac731404bc95fe773e0ef1a22d056,Q05323,288
6dd131489d7bb19358751d7b2b816970,P09038,288
600ae75bfe93847818e09eb1c4cdc125,P24071,287
528587c5fe2b04034af1cc2298afef90,P32773,286
36e8fb8ef8dfcb87b5c1ca0dd5e8f348,B7T1D7,285
185708c92172b2513560d86711d7ccaa,P38634,284
b78633d48294c17948cc36cbac7cbca2,Q03337,283
89e76b156357f6ff0eecfb8df7e5469a,P52945,283
380106ed6820b1e16c0350f859d367c4,Q5RJL0,282
c84e960c28fb67dd430745d1d80c9cfc,P09012,282
b51b08829060cefbcf489a10b771a7cd,P03069,281
4b857cfe514db6f2834a27c64f4119fa,Q9FUW7,280
02c8fa126578dbabb41f3ac9dc9a5048,P03607,279
eafd05b6fd94e9a2d915611531d2d0cf,Q9HAN9,279
69df1036404642c746dd5ce8c2cfb986,J8TM36,277
617cd486ad89cde4f59a9a709336a8c4,Q9VAN6,276
b8e70fb9b71a14b4c9e74e2b13113993,F9UST4,276
d89f157e6e8c06b77e414468ebe1fdf6,A5F384,276
243b47cc63244a9b44ab8c1ae2710932,A0L5S6,274
c6d385dc642b3f2b7ae5f4f5180385c6,Q6QCC2,274
f4939f49b78c91bad7372b32a5889652,G3V7P1,274
b3663c0a8b8265eeda70ca421c714343,O08807,274
8ee2cd1607f3cd8c23db8c3c37e732d5,P23025,273
2f9759f9468e093934f80b3176a4621e,P21583,273
37e2bac7e3a458d9a99627991bb28f89,P39015,273
8ccd400c02ba0162033520ee954522d7,P50498,272
69efdacda76fac1c6d1c5212bfc32b96,Q8VHC5,271
352bf34f67d4c9d0808a6f2fa70d6112,Q99967,270
bc44d5d5f9a66a44ecf84d8e048c0d9c,P15927,270
d8d6d346da23f6d073b2250703f1d442,Q14493,270
4914058628f3a5d8435928907b60196a,Q00169,270
1f1188d5fb1c600b0f1c9e3dd8f05eb8,P0A877,268
27d22f55e9932404fdad92302410003a,P46670,268
8a9533592a91fa38dbed85022125c986,Q15691,268
575fa2a42c40f40fcd04fd412cc0712a,P12302,267
d35eab59f7d53b7da2438592203ea418,O94907,266
2f58b30ecbfee1c25712427b1208e300,Q09514,266
ef641f630db987af456f7d54f7bbfb7a,P37028,266
18930d9f747fe13c684923b20f89882a,Q03768,265
fe3fce3b83de1afdf00394a4e639dd5e,P31168,265
9f31dc148752e26653c67aba0e9a0581,O60828,265
1a444d912a5cd96c35cd9a84481a8264,P04879,265
ae5e75f3eb1fb28a6618c9686aa5e866,P10279,264
4fa5e74c2f5291cc45bf22560c5a8951,Q9I832,264
a67d0690f2f35750724b5cc4e42f3b65,P70447,263
33cfe01c114ad48af012ba4c93a527d7,Q9HKT1,262
d7989acc7a71432cdb7a1be189982536,O43561,262
c13503898cf51733b81cdf19e5d521e8,Q9NVS9,261
fb76678b82fd89caafd517309cceb5d5,Q2Q4X9,260
8cea5d35c09ee00e1e29ef6df6b5df62,A0A178W0D3,259
992ddb6046504d5167aa98cf7152b2d9,P01555,258
85db6dff79a5eae3164e0fdaad5f7a49,P53551,258
1928ff44948fa3ea5987efee89b7696e,Q64693,256
5b3786a9df63c8aaa208ddf94fbfa878,Q9KX51,256
4ffd96eed93bd363c7bb8062badbf1d6,Q5R6Q2,255
4f7b41f6461df9446e634e5e64fdd399,Q49492,254
a95d322438644ad81c219c6322ffad06,P60472,253
7d52bdb6e41e7bbcc9be9ba8b0a65e56,P0A4T9,253
d755ad53bc6034c0384a64b33f27365e,A0ZWU1,251
a4ecef7904bbd70a061d534ab4683e74,P33411,251
2387dc3a5bfc66205a3d98ad79bb6f5a,Q9Y9L0,250
9b89a03bab5d29370c405257ac46d805,P24937,250
ed2eb181e98920fa11a46f5603e67c78,O32728,250
b50288d81225d82aeab5dd2b296bc1d3,P17931,250
61d54ae0467fcfe983828042e77a6786,Q07412,248
a793b367dc86bccadce28a308f2acf82,Q07955,248
cead3c733e490e8a2f29a95938b53900,P40881,247
b7f736bd31f41aac1e1d3c4637dfbd18,Q92913,245
1dabee1da1398293bbc79fb62dcf0eba,Q9CQK7,243
503f7a328704ddd30797a4a12841ce33,F2Z293,243
c08bbed3b350365e733add5866e2cde1,Q38825,243
8791d5a2e9df6fd4c97ccc8f50ddc743,O95292,243
fc2adffcf96065d6ee26870ae74708ee,P06836,242
d83986604fd84fa8f6c0ffdee97a4fc1,P12579,241
0fedbcd6051e1a3d488ec3096b7ee735,P01139,241
e074bdd6dfdd4f950541a191f552f689,Q4DRC4,241
9d01df270fcdefb73f9d115ca9f251b3,Q98325,241
fa6d983945bc83616df20bc95b7142d0,P24592,240
973fcea5d4cfccb4f1016e86eeb3e4f1,Q01081,240
7c2fb99fde3d05cc6e84a2308a9085cf,P02929,239
923ac553741e48aefbfe868055206a8e,P10415,239
3b1719b7752db4993352b27215cbb78f,Q9NR28,239
b49bfc2b0de464dea8a7e0cb6c957488,Q2TUW1,238
f0b81416c8ede5e85ff777b8e018b52f,Q92886,237
6982fc58014bfadc0f7ff58a1349eaa0,Q71FK2,237
330679831a7d599083df959fed439d4b,P50553,236
73579b026604e846fa62ebf88eb99c7c,P49427,236
b1f0b21fc51d9886e4ba61b7c987de99,P35521,235
26a37b3a89619e2f0c3f2c121da9288c,P21374,235
337d745e5c87e6bcb0f85a665c7c8aa5,P38516,235
315246e1592c61520cdd5bb5c328acd2,P33905,234
22e0264a18369cb6e6cf723580d4a710,Q99801,234
5741784611e57174aa230205c76118f5,P04183,234
a82ecb781f5a363c77657345d7a4ae0c,Q12483,233
c36e50bc6de35773fd97b65e8aeeab07,P45577,232
48a68831be641405e671ea6adeea0bdd,P12301,232
b0a85fd24295e8f1a827cf923497aa10,P12355,231
881947d76746d14865f7461d3185f076,Q9CXW3,229
bb10361537310f1fc0f63735ee2636e5,P40259,229
feeb0ed7e8d9d82d58e3578c1ae7fcee,Q8N488,228
ce30c51fd674cfceff0fbc0ccb7bea94,P80723,227
696f0112c4e33db8a3640f89dd688a8d,Q39805,226
83137b1cad66a548c1fac9eb1a44a7c1,P11912,226
2b63fa20b8ba53a3149d7412c6ba5394,O35718,225
69d05dd92abbb2e78756a224f7844bfb,P02666,224
905740ff5f72b6d47bbeef5cacb8a015,Q9JI51,224
f58f634057f6ee755b17d19c122f5a87,Q9ERE7,224
c125dfdeca04cc1259d9990d6f3fac45,P19972,222
a003c6e5184c008a54cafc8cfa278390,O87120,222
2b078b323bb40e916389e2c7a16f9acd,Q9Y3E7,222
0fb37cfb55a8310a5ada4bd83be20685,P08263,222
3edb76033bfaa547dc8da02a32cb28d5,O57173,222
980432b31c6aca424fb5ed0db2978eec,P58753,221
eb9efcc2854fc5f3652a64637fec6bb1,P15865,219
231a587783f7bca8795a23abc3269646,Q9Y296,219
32d1cd5f7845cb4f6fdd8640547b9baf,P08008,219
ab4777c26157b7b17ec5e3f5bd2c1532,Q6F3E8,219
f811314b459403337d4399dc7885d463,P49785,218
1f8042f59a4b5764a829d79d98eea40f,Q26680,218
802a622f16887530be1ab825e4ad3e5c,P0AFX7,216
47fdbe2a237c269edfa2519ccde0994d,P62826,216
3008b7b956e272256e449cf7682c930a,P63158,215
1da7e240fff186c605c89eb39b672850,P08067,215
092cd4a4e88af5efc063464886492812,P21734,215
c5f6bf6b87607ea572a0942bc3850564,P40337,213
bb18fe3f9852c0016d86e9d4a519deb1,Q58876,213
69cc8ba01d40e02cf7d88b00aac276c0,Q9BQB4,213
fd2115ca4d67556807846cc0b2b2435c,P77072,212
35843879bbd065f6a5d55bcf86c86fe0,Q07731,211
e445ff39b9b367d0d2acab6a9c0749ea,Q9BQ15,211
bc43a323948d9bbdd336fde01e330abc,Q9XTY3,211
04be32a6831acc2133372b4120a0e2b8,Q8GYN5,211
45b8a1a6ecee24173971bec82dd0db73,P19429,210
994262904b50b2cfb188d06633a33c32,Q16595,210
fa13988bafbcf09d54c0e9ffff339180,P63277,210
2d89577111042865bd3c72fd706e4136,P27682,210
454ed777b398cba666d2378dbf8b376e,P14602,209
f4a1e5380d1ea11bdd6c3e0805cddf58,O75496,209
47b0ff11eb0ecebfd13a8d752e54f110,C6KEI3,208
bcd30a090583a9af8d5b1a9c514b8fe9,Q99075,208
bf9c69f64b0a1f741fcc0cbd0c262d49,P60881,206
317f2ecf2c7389f2fd133dacaf641203,Q9DCL8,206
24c15161a05ee3be58e88ce99b1a5cca,Q9S446,206
e79465fcd7a2e064110cef737c8780b7,P49799,205
d1e1a8a11adbea6b0b424bff0ca00b8d,P46065,205
5707427e164724c6ef434d90dd09adf1,Q61337,204
7a5f4afa5974c8bffb7f2f8348fefeed,Q9BUH6,204
57baf09418d971e4e0d4115762376b7f,Q07930,204
1ee3463372d7d8e4b8ff8f4d339ddc75,P07516,202
8ea5e7857f818872ce5dbe4a598ecbea,O95997,202
1af005fc082960cb14d497ddccd78a4c,P47142,202
f723cabcd995a5897ba2d5212660bc62,Q9X0Q3,201
a065351c7d4158e59237118c5e1a8f02,P05221,200
1ab394b258491cf6c86c30d4aa5f382f,O14713,200
1ba80208afe2d5bb5a6955ad8376fb1e,P27058,200
56ec1c665337eaf078e04d12dd6ff144,Q9X8U3,199
6f7ef22c357ff0479884f9fe0d100a19,P46527,198
7c68de988dbdd8daa00cfa2c3ff30be6,P31431,198
fc75d5fa7090196b01f3d1bb399df78f,Q57904,198
fbe5b850e94fe0776f8add514946b672,P09372,197
f5f5ea86f0a727fd943f676c919fdadf,O31851,196
c836680606b8edf0e30b4b3db05797e8,O54918,196
d846b3446c74769630da84764ee91886,P0A9K9,196
ba01b607fc2914cbdc1085510db160c3,A8AZZ3,195
90832ac0a06259e4d19383c5f0abb799,P0C6L3,195
302a699e3d7077f606ffe36df8107936,P70444,195
7429bb1bee4faed397838c1bd85c4ea3,P10922,194
25aa3ded17a489a71ac98b4a754da2cf,Q05158,194
8a2fbe4ffa6bb9d65632eb94b0b2ff32,P16006,193
216f8b7c925265b914a6db2c8e783bb3,P42758,193
dcfdef62c405a3b1757ba78e805dd217,I7MK25,193
80d2e988c1581c9c35b56b8d227fe1d9,Q9BXH1,193
e35566fc2ac525bf03a14e27e4f76c83,P69723,192
f84bdd70138828fd6b9bcea35bf391bd,P67966,192
eddbf8aebb201ceeed3b6c43f6fa6d35,Q47184,192
cbc71f42bfa9d5ba628fd0f044c0b4df,P0AGB6,191
6afd28a89336f8a5bdb073bf57c66710,P80644,191
e7b335ee1a6eca37cc7ce70d47aeab74,P0ADV9,191
24c60ceea6526ab22047343fefa92f51,P02668,190
31cbd117947589d9dfcdab9c1f532c97,Q7DB66,190
90e23ca169b65f2b833159b51cda20c3,P01112,189
8dae887569a312a829dc6fcf55d28274,P19250,189
061758e89a077f82a31d8c676bf85813,E6PBU9,189
b1b3458dbb9341b8d72bf408ad92b34d,A1B8N7,188
0d580beb9c9a98f70ab605e265636c3c,Q83AR4,188
c8d17447e5196451feec2010cd2beac4,P30185,186
301b67261db5a467f38bdf0253160e27,P35926,186
7f01f358180f49b4cbb5e6bfa4109d53,Q91ZE9,185
710020d67005382daf42c27d91961e12,P68390,185
7f6d6f196c88900a3c19f34faea9f694,P47710,185
6c30621de23258899a14e74940fa0e0b,Q15382,184
5cb88bb7381b14b46fcfe3bcc91decbd,P38801,184
66ce4afe6dc1d74b47db74267ee679df,Q8IV16,184
ad7fabb260355d4a1daf3fe3e04bda99,P81019,183
b5d2ac662405ed8122bc520d5bb79ca1,P0AFG0,181
e1fd496e78af6fdbffaaa3e0a8f44db8,P01071,181
96e9fdf77b2507c3f28fa412c56d1550,Q7DD77,181
c96970699494faca52c721498e70a573,P0A707,180
b2dde555760bb77a2f1f36fdcaad59bf,O60888,179
53418d25489eef6015dcd5078c66be35,P02754,178
51aaf3dcb27be7b8784c06c1895d0b3c,P0AGE2,178
44a2450f13d14f8c5ea7d94b82dda6a3,P12272,177
191e2e67f956ea10026e30c0b5c5510a,Q9SQZ9,176
ad1e6127dc318068c31066992224253c,Q05776,175
d5bb487ec4bfa486ebeb826216527df9,P9WKX3,174
5a66f906312d16339f7b26fa2902bb3e,Q01417,173
af30872394a82c5ab9b16ecee6dd4bc1,P0CF51,173
63519ca5040a7ba51013ee7b025ee93d,P41208,172
a5586a7f9925dd6472b475ee46e0d50c,A0A2K8FR49,172
81d678c9bcbe7c5627efeb89b939f55b,P13693,172
0de924e57fac9eabb84c6fd8f461f887,P37455,172
5cb5f27a0ef7a310b3d1804e5e5544e0,Q9BP38,171
f7f9c7705bbae7a64e784ebe968d6d93,P34087,171
ec30ec4498d46848a5d56197a61bee82,P63098,170
a5bb3dfaebdb809d7687c2bd288f9ad2,Q58667,170
66818284ad9f35e34f9c0b8d762bf4c7,Q64364,169
7d12b60c964d433c4712295b9aea498c,P35638,169
7130d3f086cf049f55fd9f49c143b949,O24646,168
51ca3e66778457304c8cee9403090a29,P12950,168
4bd8fd185ad7e5d852f510a0dc1b94b2,P21246,168
e46b7a667af8ed08c3f3ccb3c62f2d79,O15273,167
c6ea2d769c0c370af2169d59ad1cb3f6,P12357,167
6bf427b6c6f41dd7fb556600d48a9ec9,P01099,166
0e3f4b0524544731eb52c618b57e87b8,P0DN86,165
0344807a9a3d95e3bb0f87f63128f377,P0AFZ3,165
a99e4acac4da661381e88305a41b70b8,P24522,165
30d1bbc087ba300479cbae5fcfd9ca47,P41851,165
e2d2b0b49af7cde1065ce7ef18771658,Q980M2,165
9ce8168c00c3f6d663f866816b83e0b2,P38936,164
cf939aa91b376233ce70ab014ee9fe21,P20963,164
be07a7e382fc108bbc636704acb8cf84,P08523,163
f6736593b951a326ac207e5ddc8aa590,Q08826,162
42e2a470c970ab7290d7ddd74dd34af5,Q24F70,162
cd444a8b5b3d9d2c32cd19ace5eeefe2,G4NEJ8,162
1bc1b53a3e49b2895a73b4784965edb6,J7FTI7,162
003b243d0117cbaf2b7434184c409b06,P9WJA9,162
8f873f4603257b381908671416a89ad2,Q9HZJ8,161
88c3903ada3344f3eef3d1b6ed06198a,P61244,160
e5242919a9aefe7a5a724041c1c6cc28,Q15185,160
ce7c49af8b85e648e2e76cb6d1771f09,P0ABQ4,159
c75bff5d958d3809695d48d596226a11,P69490,159
5ecf495f8c63db22bb40fd74714b9412,Q97QZ2,158
c76fe93cd14da646422770c88a2c3526,P19594,158
48f823927d6653bb169df752a8d67302,P03126,158
deff584a39ebff3e816584aba14be08a,S6AWC2,158
0431824d5e480b7fcc445a341026e5ea,P17838,157
9fc303b3e9fd34f52da88d0f8b7ee57c,P53330,157
c64c60503f4e70a4585d8c8155035fe7,P83731,157
8838d8ffd316f18b4fb7059cf674f4ec,P52298,156
36871dcfe1571efa43dd6a24b6f8caf0,P0ABE0,156
ef6256277565138a92dfce3305ad5ec3,P22239,155
39c319b4ec965f1549f3b1c5ae64c9bb,P20435,155
080f9bbc35ccb54e5e3a9ed3aade00fc,Q49ZM2,155
5c8d987a67857ceb0d32ddcde087b2e4,P02185,154
a25927aaa0d8ba452e707aa9b1b9a977,P00441,154
f1b6b15facce6371463978bfbaf5cbb0,P01160,153
5c1d97ef5042c236f1b3f090f324399e,P40019,153
a5f2faa458027b3a3c58e907abc60363,P06968,152
7f9d7b89e9c51f5e46a8fde18d2ea076,Q9Y3D6,152
1fa33392a5520388bf4bcf8bfc648366,Q56311,151
5492ee991adc2f4a849470a45e6b2141,P0ABS1,151
7fc9a636860bdb7f456e8944fff4ea30,P12810,151
77637b77448d9cfb77aa78934be02ba9,Q9L9I0,151
1205359a83df1f9fd7bd2c187e2b179f,Q96B02,151
94c934de6da97b63bb0c0ed13e7715e1,P44654,150
25b1265d7827356e2a9c3f4f3825bf39,A4C1A5,150
729ac5b379fdcdcba27d499c622af02a,P16949,149
b90e4c7a208d5d04d9fc6d621e1a9c6d,Q6P3W2,149
9ae5125cbcdce54f6e042a387fb74c49,P68466,149
ddf8e2bdc8bbe748717502f105e827b9,P38293,148
334cefbf056f83c26440d6a50a037a91,Q57733,147
d9d9f5f078edaa074fc9e8ecca594607,P00127,147
98b80edf809a4746011bfad878db1832,Q8GY31,146
0fd5963850ec9b16418f8e83bce2ae9c,Q647G9,145
0a8f6b923f741cfb1305ee5e93589a96,P09132,144
5013b55bdc2e29aaac0b31bf2e277e29,P22179,144
f0a40cfe4f6982e798ab40a88beefa2e,Q95V77,143
ad837c706ed8a86cd8494852bdda56a5,E6PBU3,143
970a1da9e6a33b679a32e9f000a3ef0c,Q8N4Q1,142
767e74edfb428b21813e0b85ab1a789c,Q9SIN5,141
c0b7fe149cd259dcaf334729389d1923,O70480,141
90cc5e82b1e80478857674f92aa13efa,P37840,140
cc7f102992c735c3f3bfecad1c162a06,Q9V452,140
bbb3d5be73690fd3d4a5747d85eea991,P0AG11,139
fbf30271c2385d82e901470f0610d6ba,Q97W59,139
ad252454c6c0af45b65e91fd9af421de,E1BSW7,139
c2f33a7565dd7639dd21458d109926a8,P27356,138
91dd01ce3a69e71fb032d8c2374ea18f,Q15726,138
3cbfc0c9fbef801dfbd868b7db9901fa,P0AE98,138
d05d8707d63e541384086f202903cc97,A0A1Z3GD05,138
1871463feff2536a26a357212b0e6914,Q24570,138
a308448a095fd5a001c7a33e8441e128,P62965,137
fdac5ebd57f1155340d7ac31bae488cd,P0ACF8,137
c03d65998565b72d67938327ec3e79c4,Q885L4,137
420dfce8d910d2eb7aa5c8d92bdae351,P84233,136
bad4f6e1f3d5b9d29922e6b32025b893,O00488,134
e3d6cc6b3a1721b2a6e7f4819022b8b1,P16860,134
c0859f6fe4e9eb691aea3e52630cceab,O00585,134
b5b670a2f49834d4731dac41a8b1e52a,P56210,133
eece4216bde2e2234659ba4914afb075,Q84ZX5,132
d6acc4387df6bbf3a5106499fd63fe45,P03709,132
c43dac53729956f6d11e91832437527c,Q8N726-1,132
1a750341686cfa811a6738d17b100111,Q9LZP9,131
4575b482556bff53ef63dc732795e3d9,P36886,131
1f185cae5b8c69f2cc652b37805eb436,Q8PMB6,131
28fc0940de131d7528f15a641f6f2195,P80870,130
eb9a1e9f1c207300757bcd20505f7ab5,P04908,130
3b1efb205940804a098cec54000bec71,Q96GU1,130
f1baec4ea2ab4080b1b00b395162ac08,Q9M605,130
d60d4a063175574c3f7817dd2b065a59,Q9NX55,129
0011ab0c11c7fea51fefcd039b1b69f5,P15382,129
73522f3d1422e819312d6126c90a0d01,P44228,128
41d2ab848706c17e0a49f37c38cab93c,P53999,127
81d8c763a7b17965f2c2fd06cc031bad,Q9NRJ3,127
306371af02c4c554a487908d17735231,O60927,126
bf646d7f6a591c15e68a65a2bd34f1ce,Q9Y3M2,126
a74bccace07935acd14eefa4f9cc9f2c,Q38151,126
0a97203cad1edc337ad0eb8f5995a92b,P06899,126
d4d8a590a39df99ebd6f4360a4c916a8,G0SCY6,126
2aafd16fb9cec94b8a666885b3ad6fb5,G1TDB3,125
9b4a2dc36e32958d8f9b9ff5a5585ad9,Q80FJ1,125
2db8712ee1ef4d7969d95bc333e1945f,Q9Y3B4,125
29495e0d2573e3eb61572cc610d4e48b,P0A7S3,124
57ad1376e2ece917e4c277dc5202b086,P56254,124
4a7fd7343c0703295c5ad0d7f346714f,P46984,123
a5f54202d4854e35b3f75c63b2452790,P32774,122
5a2c71f061a49ecfba1d1a9453cd377c,A4ZNR2,121
6e9e17d914bfefcc98debbe4e3d2c09d,P60006,121
951984a24105ceca351709a149fd5e19,P0A7K2,121
949f757a1dda7e30bd5b7711415542f6,O14352,121
2fe1a2a36e9585e60ac4f66b45778392,B0FRH7,120
19456f1f401aad9fe0bde61a01f4cc3e,Q5ZYC9,120
276bd9a59c193b9927aab31e739e22c9,P09415,120
c5c27cf320884ff430e3bb41c4d82084,Q13542,120
e6fe33750b265a8a15888020f0d77cdf,A8CDV5,118
526e4c6c2f3d95fcd7bfc72a87b3fa5c,O67086,118
6e5d98b0c24ecf31671db733429827cf,P31109,117
1355b38fe9658a1244db353146fb1007,Q82S91,117
db2356fcd36f5ef3e5236777ddfc86cc,P27392,117
a2268bb3d1f8fadf284db7e78fbc0105,P03714,117
4991c6173459037e731d20f28a80f601,P63027,116
07d6fcda7bd34ff9b467ba2e6ec83744,P25814,116
5730614f5e53e3b00dccd983a914be19,P04325,116
bb4581ea8adf88e24327665bc3b08f46,Q9JLC3,116
659356ef56c60dc664109a92ce83c4dc,Q08655,115
64c6fb4af6b3720a0345c34b0d7dcd9e,P05387,115
6a4f532b6bd4e05edd5b649efa6bc85c,P53905,115
1dd60694c655e45d94a4f62a8c35c1e1,O14519,115
4c932d3fd2b178088983662cabead5d7,P0C5S4,114
8128942eb70f5d8c29951235fcccdb72,P05386,114
f362a84c49858a8f6b0631605be1a662,P41567,113
a1974d1508f93465225c93e380911c2b,P02783,112
79193f9e812f141ec0a98635fbbd4da2,Q07932,112
b8a0ea05406e3e124afa4788b022e5e7,P20220,112
275e2b5b71b0f906a265964a64244095,P13338,112
2d2ac8345144c9aa328a5b8b633fd297,P0AE70,111
23332525f0c635dfadc225dadea1b760,P38582,111
6a2b5a70f8f2b35f37fcdbc70c98eb89,P9WHJ5,111
3a81c30d49f2f310cb08471b73e8ed64,P25638,111
566e9720205ca43fef8c95a9be507fce,Q15004,111
4b594679ad2054d4bf18d6dafdd56f10,P06454,111
410bba9e34f126fba29e8d0d922edf6c,Q9BSY4,110
3c8da0f992d63d0eae8f3f3498419773,P01252,110
d1c1fe15fb9689a7793791a07a12cb6c,Q9KMA6,110
92290837bb6342b315d7d4ab05db0566,Q96DE5,110
133508287048defc15716be87c822406,P22943,109
c4a65d1b0a7f1a2734544e8ff52af81f,P02631,109
958f807f156f27f0e36a113d9cb93403,P01096,109
1f5e4501b58767fcf874fa1096eaa685,P47093,109
6ff4a1efa462fc5a792cb6ec4fa7c828,P52926,109
d01fd6c8f91f8d568177dd5395308fd2,P02721,108
3575f3e9a8fc7c545835472ec290d560,P08245,108
1129ce31eceb1fd2c2e696746fb9ebd9,P0A882,108
638e5b75d3519b51ec00f191f0b17295,G1K3N3,108
b8bb762597d9681e4a1e7765822abd78,P62877,108
fe275ea1d14453f6855577d120934fe1,P52695,108
93b697c8546f6675411aeb824cc50461,P03045,107
2374bc3ab18d7ae9a8b4a6bd0a3dfe57,P17096,107
57d6955ead003b6d82e65addeedd2dd0,P23632,107
e69bf826fbb20dbcd3f0420dbbeef7cc,Q9NR00,106
2c9c2f9f6fc50ce2a8209fa9fb581e7c,O10609,106
0d6044f610c4a8ea6ba38f407c2579ea,O61667,106
24f146e0c1214a1b7635ad40492726e0,P00004,105
d20782131bcd520f911265e8bd79ee94,Q9CX60,105
e01b384c770d80a2c5bfe066f5c26792,I1JLC8,105
025559e7b85ed1448d34e61221a54788,Q9KMA5,104
c28a0f43e1d4fa5811417819c198ded9,Q04964,104
e896839fde8381b5f4f5c4008a5f270b,Q9NRY2,104
c6c0cda7ea6b184a6a406db613457a06,Q47785,103
47677c1c5876506fd517b84a1e770584,Q8GT36,103
f1176c9d93c85c8f1489ab2cd51ec923,Q9JM54,103
cd835bc39369079207f534a9e7ba6095,P62799,103
a3c0482c15355abfa32f6c58877f8057,Q9Y6H6,103
88f15f47ead2327f2ed10f4cc652794e,Q7Q3R9,103
c21e4035aadff16ded758372a6fd220c,O28362,102
de3105e4d61489ce082a5e6ca9b802e7,Q9Q8E9,102
fe3e07d970ca830a34d91a3fa7e4f9e2,P0A6X3,102
ee335e01e5e15e40c9fabe1a1ea682c1,Q97ZL0,101
868d25f06de229ee7697b13f12400656,Q6MRH6,101
5784edef7f8c2bf49881fb4679b5f64b,Q1PAB4,101
eb218aa37acfed5ae29e5a329b5bdf79,Q9UMZ1,101
b42be3746a50722d7a5f5149d1f4355f,P47910,101
e2c6d4144b5cbdc78f5e846512c8533c,P02655,101
08709af4d8c7b41e70ee842e21a8b978,Q12306,101
e38737825dc662c4b3aa0a2676765595,P00974,100
3cad6173a8d32accc1fd8634302017e3,O73557,99
6f7fb4b39209c0c28dcdbeebe20394e2,N1NXA6,99
d7deecdeee69be6bfef3e8538021c314,Q03071,99
e9ff87b2f6cbc07850e519f60813e1f6,P0A6R3,98
23b3749bcee262a40d627295d298216a,Q76LA1,98
fe736d03c479e9681251e5d1e155ed85,Q9SLJ2,98
808eb21134a89e2f11d3691769ad5285,P13848,98
363acd7530b01c73fd9edc48986f0a5a,P26477,97
14aed608b903e87469e861e7f4f44d91,P0A6G1,97
d92c9a43b2e01dc3729aff482d86e713,A6NF83,97
a7e63ccb25517c8bf9f50629376c198f,Q96273,97
de64744310f760e1b9740ed8f51dafaf,P22362,96
50fe7eccf99177b354d5bf9c6db33654,P9WNK3,96
600ed858ff883186cbfce2ca76db7598,Q20MD5,96
51952ec5fcff81315f621e433de35789,P56621,95
c7a017f6e2d971dcd2f7cabd6a9b1b0e,P0C077,95
36e6c37997fc2674958adfea18ec8ad7,Q98157,94
bc5f063728a4237769908f1924b1d816,Q9Y258,94
cbc48cabf11d829ee7d16c959c87f633,Q70Q12,94
d78f87f149764d423d28a47d7813400b,C6ZFX3,94
510c3d76c2dffb43a86d893dbb319403,Q9Y7M4,93
75dc389130382ce3a8c6078ff4f868d1,P0A7U3,92
fe462c3364a5d79fdfbef7b4befc69a5,P33763,92
824da902adf5c61099715013bf30c46b,Q9RY65,91
a9cfc49f70fc3ed141571bab89415e5b,P05204,90
ac2c9754009c0175b55045aa01e09970,P69428,89
4d3f36e6cdcd01b38fcb3c3b0efb6465,Q63K18,89
2f1412cbb03026bd50f4a28c6fc2e08e,O94742,89
4c7c87dad970b6fd8ab2aa19a2d5ecbd,Q9XES8,89
242748fcfea695c3c8a42803f6b2a343,O75324,88
f9ecde8577c779560c4e8b9f5848b54b,Q9BP37,88
c6ea2cffb91bb4d002643b874c6fe681,A0A140GKJ0,88
0ca56ed7f0575d693965af86bf0e8cac,P04972,87
664d87291d3d8b06c50a27d90222e140,P30273,86
4a01373fb393adec0247228d668d7297,P9WF19,86
b321a89b70d8f089dcf2790858c54d7e,Q7YUB9,86
3d53ad63dc9a41dfd3efeda278e70251,Q06406,86
c30f71ae6058750bec04e38699715e21,M1GUG5,86
67904cd2d5ce92761e57700aa85047f8,O60200,86
6a711f32c7aff52f36751584a6d59151,P01097,85
8ccc26ca0672e480ed1e45eb21ea5d67,Q8NHZ8,85
ae2b2a4fa755d5685227f4a885f51a20,P68688,85
269efc68924760e54d96bb26e1d8210a,P0AG63,84
9f513432a353d8c78538577038b7ddf3,P9WJ35,84
74296ce2defd218b93a695c0089f86fd,Q9NJS1,83
29b487c7fa5bde1f039ab8116db2db52,P22995,83
62f87881f58f77a8358f450a95407e24,P69346,83
b60b0b68dbe3564a1262cfea82549c27,P0AE73,82
85039c19f438c6856872fcea8a05f290,O60356,82
741ed330711ad545dc693ef8a488b31c,Q7B2Z6,82
25f5cc9bdc3475ff900c8c7e65d11938,P31087,81
91eeda03f7a151bdd98402f1396f273e,Q9I322,81
32b6d486c7d15f60f5d504b6a6a3e77c,Q15843,81
e67ae7fe536c9fcda426346b5c1b2c8e,P13183,80
4cf7686a46d1ce52c692f81fbc596adb,Q86FP8,80
97c9f61012be93ca4cfa691dff3a0635,O13916,80
4b5b4d12bd5c697ae57c8a876b9f8659,Q86FP9,79
96fe5e2a6771a5d296ccba79bb53a043,O89467,78
98e05ee346cf9b92d1a2b11a9c671562,P60761,78
1fe22910ad0c3f4d12d8e99b261d673b,P80220,77
562918b173417ebd6fbf2b61ca2038d8,O31818,77
37da948275cbf289c87b516e809ffe80,P61926,76
381aa21b55814b8b062d9db0496fb2f4,Q9KJ82,76
3e05be301f4d6753f036989f61a56ec8,O75506,76
b2af183f17ebf0b1c3265b55b091f792,Q06253,73
b781e21414a6b122fe6cd0e339223bf8,O25010,73
8bc787bf152caf55cf243458dd3584e8,P22531,72
8201b05d2b48b84ab957589cbedb5950,P68927,72
76cc3a713424fd017a59a8cc8c430aef,A0MHA3,71
8a052aa5e27101da65a0b32dfa9cb9c9,P03086,71
25cce3b558293f3c96e6ee61d9dd3e46,O14140,71
01de4461209b76f57819919dc38faa99,P9WIP5,71
1243483af224ba75314eed3516c9f289,P02315,70
6aaa6a7b3e289c1f7db2537efd6d1008,O31467,70
e65a434d4079954cc82ad87020d7063c,Q12287,69
130ade7f7dcb7c4ba3f87db2d04eb846,Q8QWD4,69
f3a0fe1bfe8966b5cedb70df9248c8e6,P60058,68
524d32d40e0b803159b618b09cfd603b,P01094,68
2de82ac20539d20c6cd895efb849cd31,P03040,66
1dcc73846393360b7e6750541f884933,P01050,65
389a5dad656b70da31de26225cbe2bab,P0A8H9,65
e2678023a822b757fd99227af6303da9,P73124,65
354ef2145f8fd285c319bfac4fda2060,Q9FUM5,65
af33caf71d0e0c14de54fac9bffc3822,P9WHN5,64
4fba79c88a17891a96a3e463fe6704d4,Q5JH72,64
20a01ae0d665b1e26918178e990909af,Q14061,63
2aa1c4c849cfdcc5e424b888b95747ca,P0ACX9,63
493d725a905ae9e5bbdc1896173464bf,P48539,62
c9c70cc6a4770217f0ab67809a5d80b0,P02808,62
70bf61b33a7b5c74bceb0d12f97a5161,A0A0H3CFC9,61
5cf56483e42da235ffa6f0ce3ad9bf02,P0A311,59
bc78ea9e725fe8b819c32f1438aa0be9,Q6Q547,58
3d6e770f483c65638cad9952bf264c08,Q83ZN8,58
42ae573ea4797e46c6ff11984585ea0a,G8HXD9,56
ba8031a08270c3afbe56dca61990a84f,O34800,56
11dbc1a8209fe801d4022968fa3ef0db,P03050,53
78fac835d7a465f12e4ee0537cb4e20f,P61012,52
14600c092327295d00cdffa6f8e4602b,O24172,50
6fe4777ff0764f0fb4478e59d36df2b5,P81455,49
6612fe2a378b95786bf2128b17aa2253,P0C0Y1,49
1e26768a62a30320da47f41fd3645460,Q7Z094,46
4f756d21f5e0e47b563d502b5873b346,P62328,44
18b36f30c84ee48999ec71909a07c316,P68005,36
db2666bfd81ead3216879eedf5b6b31c,P85800,32
e9a2078888b3f6cafe133768619215bc,Q8IVG9,24
